INSERT INTO NormalizedPlaces (name, lat, lng) VALUES ("", , ); --Pilon,.xml
INSERT INTO NormalizedPlaces (name, lat, lng) VALUES ("", , ); --Province of Texas.xml
INSERT INTO NormalizedPlaces (name, lat, lng) VALUES ("", , ); --St. Antonio.xml
INSERT INTO NormalizedPlaces (name, lat, lng) VALUES ("", , ); --Unsent.xml
INSERT INTO NormalizedPlaces (name, lat, lng) VALUES ("", , ); --Caney,.xml
INSERT INTO NormalizedPlaces (name, lat, lng) VALUES ("", , ); --Devonshire, England.xml
INSERT INTO NormalizedPlaces (name, lat, lng) VALUES ("", , ); --Lebanon,.xml
INSERT INTO NormalizedPlaces (name, lat, lng) VALUES ("", , ); --London, England.xml
INSERT INTO NormalizedPlaces (name, lat, lng) VALUES ("", , ); --Province of Tais.xml
INSERT INTO NormalizedPlaces (name, lat, lng) VALUES ("", , ); --Unsent.xml
INSERT INTO NormalizedPlaces (name, lat, lng) VALUES ("", , ); --American Camp, Texas
INSERT INTO NormalizedPlaces (name, lat, lng) VALUES ("", , ); --American Hotel, New York
INSERT INTO NormalizedPlaces (name, lat, lng) VALUES ("", , ); --At Camp, Texas
INSERT INTO NormalizedPlaces (name, lat, lng) VALUES ("", , ); --Austin Colony
INSERT INTO NormalizedPlaces (name, lat, lng) VALUES ("", , ); --Austin Settlement, Texas
INSERT INTO NormalizedPlaces (name, lat, lng) VALUES ("", , ); --Austinville Lead Mines, VA
INSERT INTO NormalizedPlaces (name, lat, lng) VALUES ("", , ); --Austin Ville Lead Mines, VA
INSERT INTO NormalizedPlaces (name, lat, lng) VALUES ("", , ); --Austin Ville Lead Mines, Wythe County, VA
INSERT INTO NormalizedPlaces (name, lat, lng) VALUES ("", , ); --Ayish Bayou, Texas
INSERT INTO NormalizedPlaces (name, lat, lng) VALUES ("", , ); --Bay Perrary, Texas
INSERT INTO NormalizedPlaces (name, lat, lng) VALUES ("", , ); --Buffalo Bayou, Texas
INSERT INTO NormalizedPlaces (name, lat, lng) VALUES ("", , ); --Burton Mine, LA
INSERT INTO NormalizedPlaces (name, lat, lng) VALUES ("", , ); --Burton Mine, MO
INSERT INTO NormalizedPlaces (name, lat, lng) VALUES ("", , ); --Burton Mine, St Genevieve, LA
INSERT INTO NormalizedPlaces (name, lat, lng) VALUES ("", , ); --Camp Salado, Texas
INSERT INTO NormalizedPlaces (name, lat, lng) VALUES ("", , ); --Chocolate Bayou, Texas
INSERT INTO NormalizedPlaces (name, lat, lng) VALUES ("", , ); --Department of Texas, United Mexican States
INSERT INTO NormalizedPlaces (name, lat, lng) VALUES ("", , ); --Document not sent
INSERT INTO NormalizedPlaces (name, lat, lng) VALUES ("", , ); --Gulf Prarie, Texas
INSERT INTO NormalizedPlaces (name, lat, lng) VALUES ("", , ); --Hazel Cottage, MO
INSERT INTO NormalizedPlaces (name, lat, lng) VALUES ("", , ); --Hazel Cottage
INSERT INTO NormalizedPlaces (name, lat, lng) VALUES ("", , ); --Hazle Run, MO
INSERT INTO NormalizedPlaces (name, lat, lng) VALUES ("", , ); --Head Quarters, Bexar, Texas
INSERT INTO NormalizedPlaces (name, lat, lng) VALUES ("", , ); --Head Quarters near Bexar, Texas
INSERT INTO NormalizedPlaces (name, lat, lng) VALUES ("", , ); --Head quarters of Volunteer Army, Texas
INSERT INTO NormalizedPlaces (name, lat, lng) VALUES ("", , ); --Head quarters, Texas Volunteers, Texas
INSERT INTO NormalizedPlaces (name, lat, lng) VALUES ("", , ); --Inhabitants of Pecan Point
INSERT INTO NormalizedPlaces (name, lat, lng) VALUES ("", , ); --Lead Mines Austinville, VA
INSERT INTO NormalizedPlaces (name, lat, lng) VALUES ("", , ); --Lead Mines Wythe County, VA
INSERT INTO NormalizedPlaces (name, lat, lng) VALUES ("", , ); --Leona Vicario, Coahuila
INSERT INTO NormalizedPlaces (name, lat, lng) VALUES ("", , ); --Leona Vicario or Saltillo, Coahuila
INSERT INTO NormalizedPlaces (name, lat, lng) VALUES ("", , ); --Little Rock, AR
INSERT INTO NormalizedPlaces (name, lat, lng) VALUES ("", , ); --Locations in Texas
INSERT INTO NormalizedPlaces (name, lat, lng) VALUES ("", , ); --Lower Settlement, Texas
INSERT INTO NormalizedPlaces (name, lat, lng) VALUES ("", , ); --Mine a Burton, Missouri
INSERT INTO NormalizedPlaces (name, lat, lng) VALUES ("", , ); --Mine a Burton, Wanshington County, Missouri
INSERT INTO NormalizedPlaces (name, lat, lng) VALUES ("", , ); --Mission San Juan, Texas
INSERT INTO NormalizedPlaces (name, lat, lng) VALUES ("", , ); --Monclova, Texas
INSERT INTO NormalizedPlaces (name, lat, lng) VALUES ("", , ); --Mount Prairie, AR
INSERT INTO NormalizedPlaces (name, lat, lng) VALUES ("", , ); --Mouth of the Brazos, Texas
INSERT INTO NormalizedPlaces (name, lat, lng) VALUES ("", , ); --Nachitoches, AR
INSERT INTO NormalizedPlaces (name, lat, lng) VALUES ("", , ); --Nacogdoches and San Augustine, Texas
INSERT INTO NormalizedPlaces (name, lat, lng) VALUES ("", , ); --Natchitoches, Louisiana; San Felipe de Austin, Texas
INSERT INTO NormalizedPlaces (name, lat, lng) VALUES ("", , ); --New Orleans, Louisiana and Washington City.
INSERT INTO NormalizedPlaces (name, lat, lng) VALUES ("", , ); --New Orleans, Louisiana, to be forwarded to Texas
INSERT INTO NormalizedPlaces (name, lat, lng) VALUES ("", , ); --New York City, New York
INSERT INTO NormalizedPlaces (name, lat, lng) VALUES ("", , ); --Not sent
INSERT INTO NormalizedPlaces (name, lat, lng) VALUES ("", , ); --Oak Grove, Texas
INSERT INTO NormalizedPlaces (name, lat, lng) VALUES ("", , ); --On the Brazos, Texas
INSERT INTO NormalizedPlaces (name, lat, lng) VALUES ("", , ); --Peach Point, Louisiana
INSERT INTO NormalizedPlaces (name, lat, lng) VALUES ("", , ); --Peach Point, Near Brazoira, Texas
INSERT INTO NormalizedPlaces (name, lat, lng) VALUES ("", , ); --Peach Point, Texas
INSERT INTO NormalizedPlaces (name, lat, lng) VALUES ("", , ); --Pleasant Bayou, Texas
INSERT INTO NormalizedPlaces (name, lat, lng) VALUES ("", , ); --Potosi, Washington County, Missouri
INSERT INTO NormalizedPlaces (name, lat, lng) VALUES ("", , ); --Potosi, Washington County, MO
INSERT INTO NormalizedPlaces (name, lat, lng) VALUES ("", , ); --Potosi, Washington County, State of Missouri
INSERT INTO NormalizedPlaces (name, lat, lng) VALUES ("", , ); --Province of Texas by way of New Orleans
INSERT INTO NormalizedPlaces (name, lat, lng) VALUES ("", , ); --Province of Texas via Natchitoches, Louisiana
INSERT INTO NormalizedPlaces (name, lat, lng) VALUES ("", , ); --Rio de los Brazos en la Provincia de Texas
INSERT INTO NormalizedPlaces (name, lat, lng) VALUES ("", , ); --Salado, Near Bexar, Texas
INSERT INTO NormalizedPlaces (name, lat, lng) VALUES ("", , ); --San Antonio de Bexar, Texas
INSERT INTO NormalizedPlaces (name, lat, lng) VALUES ("", , ); --San Antonio de Bexar, TX
INSERT INTO NormalizedPlaces (name, lat, lng) VALUES ("", , ); --San Feilpe de Austin, Texas
INSERT INTO NormalizedPlaces (name, lat, lng) VALUES ("", , ); --San Felipe de Ausitn, Texas
INSERT INTO NormalizedPlaces (name, lat, lng) VALUES ("", , ); --San Felipe de Austin, or where ever he may be found, Texas
INSERT INTO NormalizedPlaces (name, lat, lng) VALUES ("", , ); --San Felipe de Austin, Province of Texas
INSERT INTO NormalizedPlaces (name, lat, lng) VALUES ("", , ); --San Felipe de Austin, Rio Brazos, Province of Texas
INSERT INTO NormalizedPlaces (name, lat, lng) VALUES ("", , ); --San Felipe de Austin, Texas by way of Alexandria, Louisiana
INSERT INTO NormalizedPlaces (name, lat, lng) VALUES ("", , ); --San Felipe de Austin, Texas, via Natchitoches, Louisiana
INSERT INTO NormalizedPlaces (name, lat, lng) VALUES ("", , ); --San Felipe de Austin, Texas via New Orleans
INSERT INTO NormalizedPlaces (name, lat, lng) VALUES ("", , ); --San Felipe de Austin, Texas
INSERT INTO NormalizedPlaces (name, lat, lng) VALUES ("", , ); --San Felipe de Austin, TX
INSERT INTO NormalizedPlaces (name, lat, lng) VALUES ("", , ); --San Felipe de Austin,TX
INSERT INTO NormalizedPlaces (name, lat, lng) VALUES ("", , ); --San Felipe, Texas
INSERT INTO NormalizedPlaces (name, lat, lng) VALUES ("", , ); --San Felipe, TX
INSERT INTO NormalizedPlaces (name, lat, lng) VALUES ("", , ); --San Jacinto, Texas
INSERT INTO NormalizedPlaces (name, lat, lng) VALUES ("", , ); --San Martinville, Attakapas, Louisiana
INSERT INTO NormalizedPlaces (name, lat, lng) VALUES ("", , ); --Sn Felipe de Austin, Texas, via Natchitoches, Louisiana
INSERT INTO NormalizedPlaces (name, lat, lng) VALUES ("", , ); --St. Antonio, TX
INSERT INTO NormalizedPlaces (name, lat, lng) VALUES ("", , ); --St Genevieve, LA
INSERT INTO NormalizedPlaces (name, lat, lng) VALUES ("", , ); --St Genevieve, MO
INSERT INTO NormalizedPlaces (name, lat, lng) VALUES ("", , ); --St. Genevieve, MO
INSERT INTO NormalizedPlaces (name, lat, lng) VALUES ("", , ); --St Louis, MO
INSERT INTO NormalizedPlaces (name, lat, lng) VALUES ("", , ); --St. Louis, MO
INSERT INTO NormalizedPlaces (name, lat, lng) VALUES ("", , ); --Texas via New Orleans, Louisiana
INSERT INTO NormalizedPlaces (name, lat, lng) VALUES ("", , ); --Texas via New Orleans
INSERT INTO NormalizedPlaces (name, lat, lng) VALUES ("", , ); --Texas, via the Schooner Columbus
INSERT INTO NormalizedPlaces (name, lat, lng) VALUES ("", , ); --Unknwon
INSERT INTO NormalizedPlaces (name, lat, lng) VALUES ("", , ); --Unkonwn
INSERT INTO NormalizedPlaces (name, lat, lng) VALUES ("", , ); --Velasco or Brazoria, Texas
INSERT INTO NormalizedPlaces (name, lat, lng) VALUES ("", , ); --Washington City, U.S.
INSERT INTO NormalizedPlaces (name, lat, lng) VALUES ("", , ); --Washington County, MO
INSERT INTO NormalizedPlaces (name, lat, lng) VALUES ("", , ); --Water Loe
INSERT INTO NormalizedPlaces (name, lat, lng) VALUES ("", , ); --Where ever the Consultation may be
INSERT INTO NormalizedPlaces (name, lat, lng) VALUES ("", , ); --8 Mile Point, Texas
INSERT INTO NormalizedPlaces (name, lat, lng) VALUES ("", , ); --Agua Nueva, Texas
INSERT INTO NormalizedPlaces (name, lat, lng) VALUES ("", , ); --Aish Bayou, TX
INSERT INTO NormalizedPlaces (name, lat, lng) VALUES ("", , ); --Atascaceto District, Texas
INSERT INTO NormalizedPlaces (name, lat, lng) VALUES ("", , ); --Atascosito District, Texas
INSERT INTO NormalizedPlaces (name, lat, lng) VALUES ("", , ); --Atoack, TX
INSERT INTO NormalizedPlaces (name, lat, lng) VALUES ("", , ); --Attica, Seneca County, Ohio
INSERT INTO NormalizedPlaces (name, lat, lng) VALUES ("", , ); --Autoyack,
INSERT INTO NormalizedPlaces (name, lat, lng) VALUES ("", , ); --Ayish Bayou, Texas
INSERT INTO NormalizedPlaces (name, lat, lng) VALUES ("", , ); --Ayish District, Texas
INSERT INTO NormalizedPlaces (name, lat, lng) VALUES ("", , ); --Aysh Bayou, Texas
INSERT INTO NormalizedPlaces (name, lat, lng) VALUES ("", , ); --Bay Prarie, Texas
INSERT INTO NormalizedPlaces (name, lat, lng) VALUES ("", , ); --Bee Bayou,
INSERT INTO NormalizedPlaces (name, lat, lng) VALUES ("", , ); --Before Bexar, Texas
INSERT INTO NormalizedPlaces (name, lat, lng) VALUES ("", , ); --Bells Landing, Texas
INSERT INTO NormalizedPlaces (name, lat, lng) VALUES ("", , ); --Big Prairie, MO
INSERT INTO NormalizedPlaces (name, lat, lng) VALUES ("", , ); --Bowling Green, VA
INSERT INTO NormalizedPlaces (name, lat, lng) VALUES ("", , ); --Brazos River on board the Brig of War Genl. Santana
INSERT INTO NormalizedPlaces (name, lat, lng) VALUES ("", , ); --Brazos River, TX
INSERT INTO NormalizedPlaces (name, lat, lng) VALUES ("", , ); --Briants Mines
INSERT INTO NormalizedPlaces (name, lat, lng) VALUES ("", , ); --Buffalo Bayou, Texas
INSERT INTO NormalizedPlaces (name, lat, lng) VALUES ("", , ); --Buffalo Bayou, TX
INSERT INTO NormalizedPlaces (name, lat, lng) VALUES ("", , ); --Burton Mine, LA
INSERT INTO NormalizedPlaces (name, lat, lng) VALUES ("", , ); --Burton Mine, MO
INSERT INTO NormalizedPlaces (name, lat, lng) VALUES ("", , ); --Burton Mines, MO
INSERT INTO NormalizedPlaces (name, lat, lng) VALUES ("", , ); --Camp 4 miles below New Orleans, LA
INSERT INTO NormalizedPlaces (name, lat, lng) VALUES ("", , ); --Camp at Gonzales, Texas
INSERT INTO NormalizedPlaces (name, lat, lng) VALUES ("", , ); --Camp below Bexar, Texas
INSERT INTO NormalizedPlaces (name, lat, lng) VALUES ("", , ); --Camp Defiance, Texas
INSERT INTO NormalizedPlaces (name, lat, lng) VALUES ("", , ); --Camp Near the Mill, Bexar, Texas
INSERT INTO NormalizedPlaces (name, lat, lng) VALUES ("", , ); --Camp Rascal, TX
INSERT INTO NormalizedPlaces (name, lat, lng) VALUES ("", , ); --Camp Roudy
INSERT INTO NormalizedPlaces (name, lat, lng) VALUES ("", , ); --Camp Salado, Texas
INSERT INTO NormalizedPlaces (name, lat, lng) VALUES ("", , ); --Cana Creek, Texas
INSERT INTO NormalizedPlaces (name, lat, lng) VALUES ("", , ); --Cane Hill, Fort Adams, Mississippi Territory
INSERT INTO NormalizedPlaces (name, lat, lng) VALUES ("", , ); --Caney Creek, Texas
INSERT INTO NormalizedPlaces (name, lat, lng) VALUES ("", , ); --Cantonment, Jessup, Louisiana
INSERT INTO NormalizedPlaces (name, lat, lng) VALUES ("", , ); --Cedar Bayou, Texas
INSERT INTO NormalizedPlaces (name, lat, lng) VALUES ("", , ); --Cedar Lake, Texas
INSERT INTO NormalizedPlaces (name, lat, lng) VALUES ("", , ); --Central Committee Room, Brazoria, Texas
INSERT INTO NormalizedPlaces (name, lat, lng) VALUES ("", , ); --Cerralvo, Nuevo León
INSERT INTO NormalizedPlaces (name, lat, lng) VALUES ("", , ); --Charleston, South Carolian
INSERT INTO NormalizedPlaces (name, lat, lng) VALUES ("", , ); --China Grove, Texas
INSERT INTO NormalizedPlaces (name, lat, lng) VALUES ("", , ); --City Prison, Mexico
INSERT INTO NormalizedPlaces (name, lat, lng) VALUES ("", , ); --Coles Settlement, Texas
INSERT INTO NormalizedPlaces (name, lat, lng) VALUES ("", , ); --Col. Groces, Texas
INSERT INTO NormalizedPlaces (name, lat, lng) VALUES ("", , ); --Colorado District, Texas
INSERT INTO NormalizedPlaces (name, lat, lng) VALUES ("", , ); --Colorado River, Texas
INSERT INTO NormalizedPlaces (name, lat, lng) VALUES ("", , ); --Comargo,Chihuahua
INSERT INTO NormalizedPlaces (name, lat, lng) VALUES ("", , ); --Committee Room, San Felipe de Austin, Texas
INSERT INTO NormalizedPlaces (name, lat, lng) VALUES ("", , ); --Contonement, Jesup
INSERT INTO NormalizedPlaces (name, lat, lng) VALUES ("", , ); --Cotton Gin, Texas
INSERT INTO NormalizedPlaces (name, lat, lng) VALUES ("", , ); --Davis Point, Galveston Bay, Texas
INSERT INTO NormalizedPlaces (name, lat, lng) VALUES ("", , ); --Davis Point, Texas
INSERT INTO NormalizedPlaces (name, lat, lng) VALUES ("", , ); --Delivered at Brazoria, Texas
INSERT INTO NormalizedPlaces (name, lat, lng) VALUES ("", , ); --Demascus, Henry County, Ohio
INSERT INTO NormalizedPlaces (name, lat, lng) VALUES ("", , ); --District of Atascosito, Texas
INSERT INTO NormalizedPlaces (name, lat, lng) VALUES ("", , ); --District of San Jacinto, Texas
INSERT INTO NormalizedPlaces (name, lat, lng) VALUES ("", , ); --District of Tenaha, Texas
INSERT INTO NormalizedPlaces (name, lat, lng) VALUES ("", , ); --District of Teneha, Texas
INSERT INTO NormalizedPlaces (name, lat, lng) VALUES ("", , ); --District of Victoria, Texas
INSERT INTO NormalizedPlaces (name, lat, lng) VALUES ("", , ); --Document not sent
INSERT INTO NormalizedPlaces (name, lat, lng) VALUES ("", , ); --Dover, New Hampshire
INSERT INTO NormalizedPlaces (name, lat, lng) VALUES ("", , ); --Dukes Place, TX
INSERT INTO NormalizedPlaces (name, lat, lng) VALUES ("", , ); --Durham Hall, Burton Mine, LA
INSERT INTO NormalizedPlaces (name, lat, lng) VALUES ("", , ); --Durham Hall, Burton Mine, MO
INSERT INTO NormalizedPlaces (name, lat, lng) VALUES ("", , ); --Durham Hall, MO
INSERT INTO NormalizedPlaces (name, lat, lng) VALUES ("", , ); --Durham Hall, MO.
INSERT INTO NormalizedPlaces (name, lat, lng) VALUES ("", , ); --Eagle Island, Texas
INSERT INTO NormalizedPlaces (name, lat, lng) VALUES ("", , ); --Eatenton, Putnam County, Georgia
INSERT INTO NormalizedPlaces (name, lat, lng) VALUES ("", , ); --Elk-Hill, Virginia
INSERT INTO NormalizedPlaces (name, lat, lng) VALUES ("", , ); --En Inquisicion, Mexico
INSERT INTO NormalizedPlaces (name, lat, lng) VALUES ("", , ); --Essextown, New York
INSERT INTO NormalizedPlaces (name, lat, lng) VALUES ("", , ); --Exinquisition, Mexico
INSERT INTO NormalizedPlaces (name, lat, lng) VALUES ("", , ); --Fayette County, KY
INSERT INTO NormalizedPlaces (name, lat, lng) VALUES ("", , ); --Foart Settlement, TX
INSERT INTO NormalizedPlaces (name, lat, lng) VALUES ("", , ); --Fort Goliad, Texas
INSERT INTO NormalizedPlaces (name, lat, lng) VALUES ("", , ); --Fort of Goliad, Texas
INSERT INTO NormalizedPlaces (name, lat, lng) VALUES ("", , ); --Fort Settlement, Texas
INSERT INTO NormalizedPlaces (name, lat, lng) VALUES ("", , ); --Fort Settlement, TX
INSERT INTO NormalizedPlaces (name, lat, lng) VALUES ("", , ); --Fort Wood, New York Harbor
INSERT INTO NormalizedPlaces (name, lat, lng) VALUES ("", , ); --Fourche Caddo
INSERT INTO NormalizedPlaces (name, lat, lng) VALUES ("", , ); --Franklin County, Alabama
INSERT INTO NormalizedPlaces (name, lat, lng) VALUES ("", , ); --Fredericktown, Maddison Country, Missouri
INSERT INTO NormalizedPlaces (name, lat, lng) VALUES ("", , ); --Gallatin County, Kentucky
INSERT INTO NormalizedPlaces (name, lat, lng) VALUES ("", , ); --Galveston Bay on Board Schooner Angelia, Texas
INSERT INTO NormalizedPlaces (name, lat, lng) VALUES ("", , ); --Gin Place
INSERT INTO NormalizedPlaces (name, lat, lng) VALUES ("", , ); --Guadalupe River, TX
INSERT INTO NormalizedPlaces (name, lat, lng) VALUES ("", , ); --Guadalupe Victoria, Texas
INSERT INTO NormalizedPlaces (name, lat, lng) VALUES ("", , ); --Hacienda de Carrizal,
INSERT INTO NormalizedPlaces (name, lat, lng) VALUES ("", , ); --Halls Bayou, Texas
INSERT INTO NormalizedPlaces (name, lat, lng) VALUES ("", , ); --Harrisburg, Buffalo Bayou, Texas
INSERT INTO NormalizedPlaces (name, lat, lng) VALUES ("", , ); --Head Quarters above Bexar, Texas
INSERT INTO NormalizedPlaces (name, lat, lng) VALUES ("", , ); --Head Quarters, Camp Sivolo
INSERT INTO NormalizedPlaces (name, lat, lng) VALUES ("", , ); --Head Quarters, Concepcion, Texas
INSERT INTO NormalizedPlaces (name, lat, lng) VALUES ("", , ); --Head Quarters, Mission of Conception, Texas
INSERT INTO NormalizedPlaces (name, lat, lng) VALUES ("", , ); --Headquarters, Sprowls plantation
INSERT INTO NormalizedPlaces (name, lat, lng) VALUES ("", , ); --Head Quarters Western Department, Camp Sabine
INSERT INTO NormalizedPlaces (name, lat, lng) VALUES ("", , ); --Hempstead County Arkansas
INSERT INTO NormalizedPlaces (name, lat, lng) VALUES ("", , ); --Hemstead County, AR
INSERT INTO NormalizedPlaces (name, lat, lng) VALUES ("", , ); --Hemstead County, Territory of Arkansas
INSERT INTO NormalizedPlaces (name, lat, lng) VALUES ("", , ); --Henderson County, Tennessee
INSERT INTO NormalizedPlaces (name, lat, lng) VALUES ("", , ); --Home of Thomas M Duke,
INSERT INTO NormalizedPlaces (name, lat, lng) VALUES ("", , ); --Horwood House, England
INSERT INTO NormalizedPlaces (name, lat, lng) VALUES ("", , ); --House of Representatives.
INSERT INTO NormalizedPlaces (name, lat, lng) VALUES ("", , ); --Ibirville Parish, LA
INSERT INTO NormalizedPlaces (name, lat, lng) VALUES ("", , ); --Jefferson Barracks near St Louis Missouri
INSERT INTO NormalizedPlaces (name, lat, lng) VALUES ("", , ); --Jessamine County, Kentucky
INSERT INTO NormalizedPlaces (name, lat, lng) VALUES ("", , ); --Labaca River, Texas
INSERT INTO NormalizedPlaces (name, lat, lng) VALUES ("", , ); --Labaca Station, Texas
INSERT INTO NormalizedPlaces (name, lat, lng) VALUES ("", , ); --Labacca, Texas
INSERT INTO NormalizedPlaces (name, lat, lng) VALUES ("", , ); --La Bahia Crossing, Brazos River, Texas
INSERT INTO NormalizedPlaces (name, lat, lng) VALUES ("", , ); --La Bahia, TX
INSERT INTO NormalizedPlaces (name, lat, lng) VALUES ("", , ); --Leaona Vicario, Coahuila
INSERT INTO NormalizedPlaces (name, lat, lng) VALUES ("", , ); --Leona Vicario, Coahuila
INSERT INTO NormalizedPlaces (name, lat, lng) VALUES ("", , ); --Little Rock, Arkansas
INSERT INTO NormalizedPlaces (name, lat, lng) VALUES ("", , ); --Little Rock, AR
INSERT INTO NormalizedPlaces (name, lat, lng) VALUES ("", , ); --Long Prairie, AK
INSERT INTO NormalizedPlaces (name, lat, lng) VALUES ("", , ); --Lower Settlement Brazaos, Texas
INSERT INTO NormalizedPlaces (name, lat, lng) VALUES ("", , ); --Lower Settlement Brazos, Texas
INSERT INTO NormalizedPlaces (name, lat, lng) VALUES ("", , ); --Lower Settlement, Texas
INSERT INTO NormalizedPlaces (name, lat, lng) VALUES ("", , ); --Lynchs Ferry, Texas
INSERT INTO NormalizedPlaces (name, lat, lng) VALUES ("", , ); --Matamoras, Texxas
INSERT INTO NormalizedPlaces (name, lat, lng) VALUES ("", , ); --Mentoco River, Bayou Que Tortoc
INSERT INTO NormalizedPlaces (name, lat, lng) VALUES ("", , ); --Mercer County, KY
INSERT INTO NormalizedPlaces (name, lat, lng) VALUES ("", , ); --Mill Creek, Texas.
INSERT INTO NormalizedPlaces (name, lat, lng) VALUES ("", , ); --Miller City, Arkansas
INSERT INTO NormalizedPlaces (name, lat, lng) VALUES ("", , ); --Miller County, Arkansas Territory
INSERT INTO NormalizedPlaces (name, lat, lng) VALUES ("", , ); --Mine a Breton, Missouri
INSERT INTO NormalizedPlaces (name, lat, lng) VALUES ("", , ); --Mine a Burton, Missouri
INSERT INTO NormalizedPlaces (name, lat, lng) VALUES ("", , ); --Mine a Burton, MO
INSERT INTO NormalizedPlaces (name, lat, lng) VALUES ("", , ); --Mine Au Burton
INSERT INTO NormalizedPlaces (name, lat, lng) VALUES ("", , ); --Mission of Espadas, Texas
INSERT INTO NormalizedPlaces (name, lat, lng) VALUES ("", , ); --Mission of Espada, Texas
INSERT INTO NormalizedPlaces (name, lat, lng) VALUES ("", , ); --Moncolva, Coahuila
INSERT INTO NormalizedPlaces (name, lat, lng) VALUES ("", , ); --Monroe County, Mississippi
INSERT INTO NormalizedPlaces (name, lat, lng) VALUES ("", , ); --Monterey, Nuevo Leon
INSERT INTO NormalizedPlaces (name, lat, lng) VALUES ("", , ); --Monterrey, Nuevo Leon
INSERT INTO NormalizedPlaces (name, lat, lng) VALUES ("", , ); --Montgomery County, MO
INSERT INTO NormalizedPlaces (name, lat, lng) VALUES ("", , ); --Montville,
INSERT INTO NormalizedPlaces (name, lat, lng) VALUES ("", , ); --Mount Carmel, Missouri
INSERT INTO NormalizedPlaces (name, lat, lng) VALUES ("", , ); --Mount Prairie, AR
INSERT INTO NormalizedPlaces (name, lat, lng) VALUES ("", , ); --Mouth of Brazos, Texas
INSERT INTO NormalizedPlaces (name, lat, lng) VALUES ("", , ); --Municipality of Austin, Texas
INSERT INTO NormalizedPlaces (name, lat, lng) VALUES ("", , ); --Murfresborough, TN
INSERT INTO NormalizedPlaces (name, lat, lng) VALUES ("", , ); --Nacogdoches, Texas and Saltillo, Coahuila
INSERT INTO NormalizedPlaces (name, lat, lng) VALUES ("", , ); --Near Russellville, Logan Country, Kentucky
INSERT INTO NormalizedPlaces (name, lat, lng) VALUES ("", , ); --Neches Ferry, Texas
INSERT INTO NormalizedPlaces (name, lat, lng) VALUES ("", , ); --Neich, Texas
INSERT INTO NormalizedPlaces (name, lat, lng) VALUES ("", , ); --New Lebanon,
INSERT INTO NormalizedPlaces (name, lat, lng) VALUES ("", , ); --New London, Missouri
INSERT INTO NormalizedPlaces (name, lat, lng) VALUES ("", , ); --New Madrid, Missouri
INSERT INTO NormalizedPlaces (name, lat, lng) VALUES ("", , ); --New Years Creek, Texas
INSERT INTO NormalizedPlaces (name, lat, lng) VALUES ("", , ); --New York, New York.
INSERT INTO NormalizedPlaces (name, lat, lng) VALUES ("", , ); --Not sent
INSERT INTO NormalizedPlaces (name, lat, lng) VALUES ("", , ); --Opeolusas, LA
INSERT INTO NormalizedPlaces (name, lat, lng) VALUES ("", , ); --Parish of Lampazzos, State of Leon
INSERT INTO NormalizedPlaces (name, lat, lng) VALUES ("", , ); --Peach Creek, Texas
INSERT INTO NormalizedPlaces (name, lat, lng) VALUES ("", , ); --Peach Creek, TX
INSERT INTO NormalizedPlaces (name, lat, lng) VALUES ("", , ); --Peach Point, Texas
INSERT INTO NormalizedPlaces (name, lat, lng) VALUES ("", , ); --Petit Saw Bluff, Missouri
INSERT INTO NormalizedPlaces (name, lat, lng) VALUES ("", , ); --Pine Bluff, Texas
INSERT INTO NormalizedPlaces (name, lat, lng) VALUES ("", , ); --Pine Bluff Trinity, Texas
INSERT INTO NormalizedPlaces (name, lat, lng) VALUES ("", , ); --Pleasant Grove, TX
INSERT INTO NormalizedPlaces (name, lat, lng) VALUES ("", , ); --Point Pleasant, Texas
INSERT INTO NormalizedPlaces (name, lat, lng) VALUES ("", , ); --Port Goliad, Texas
INSERT INTO NormalizedPlaces (name, lat, lng) VALUES ("", , ); --Port of Goliad, Texas
INSERT INTO NormalizedPlaces (name, lat, lng) VALUES ("", , ); --Port of Veracruz, MX
INSERT INTO NormalizedPlaces (name, lat, lng) VALUES ("", , ); --Potosi, Mossouri
INSERT INTO NormalizedPlaces (name, lat, lng) VALUES ("", , ); --Potosi, Washington County, MO
INSERT INTO NormalizedPlaces (name, lat, lng) VALUES ("", , ); --Prison of the Acordada, City of Mexico
INSERT INTO NormalizedPlaces (name, lat, lng) VALUES ("", , ); --Prison of the Acordada, Mexico
INSERT INTO NormalizedPlaces (name, lat, lng) VALUES ("", , ); --Prison of the Deputation
INSERT INTO NormalizedPlaces (name, lat, lng) VALUES ("", , ); --Punto Lampasos, Nuevo Leon
INSERT INTO NormalizedPlaces (name, lat, lng) VALUES ("", , ); --Rapides Parish, Louisiana
INSERT INTO NormalizedPlaces (name, lat, lng) VALUES ("", , ); --Red Fish Bar, Louisiana
INSERT INTO NormalizedPlaces (name, lat, lng) VALUES ("", , ); --Red River Rapide, Louisiana
INSERT INTO NormalizedPlaces (name, lat, lng) VALUES ("", , ); --Rio Bravo, Texas
INSERT INTO NormalizedPlaces (name, lat, lng) VALUES ("", , ); --Rio Grande,
INSERT INTO NormalizedPlaces (name, lat, lng) VALUES ("", , ); --Rio Labaca, Texas
INSERT INTO NormalizedPlaces (name, lat, lng) VALUES ("", , ); --Rio La Vaca, Texas
INSERT INTO NormalizedPlaces (name, lat, lng) VALUES ("", , ); --Ripley, Brown County, Ohio
INSERT INTO NormalizedPlaces (name, lat, lng) VALUES ("", , ); --River Brazos, TX
INSERT INTO NormalizedPlaces (name, lat, lng) VALUES ("", , ); --Round Lick, Tennessee
INSERT INTO NormalizedPlaces (name, lat, lng) VALUES ("", , ); --Rushville, Schuyler Co, Illinois
INSERT INTO NormalizedPlaces (name, lat, lng) VALUES ("", , ); --Russellsville Ky
INSERT INTO NormalizedPlaces (name, lat, lng) VALUES ("", , ); --San Antonio de Bexar, TX
INSERT INTO NormalizedPlaces (name, lat, lng) VALUES ("", , ); --San Augustine, Texas
INSERT INTO NormalizedPlaces (name, lat, lng) VALUES ("", , ); --San Bernado, Texas
INSERT INTO NormalizedPlaces (name, lat, lng) VALUES ("", , ); --San Bernard River, Texas
INSERT INTO NormalizedPlaces (name, lat, lng) VALUES ("", , ); --San Carlos, Coahuila
INSERT INTO NormalizedPlaces (name, lat, lng) VALUES ("", , ); --San Felipe de Ausitn, Texas
INSERT INTO NormalizedPlaces (name, lat, lng) VALUES ("", , ); --San Felipe de Austin, Bexar, Texas
INSERT INTO NormalizedPlaces (name, lat, lng) VALUES ("", , ); --San Felipe de Austin, Texas
INSERT INTO NormalizedPlaces (name, lat, lng) VALUES ("", , ); --San Felipe de Austin, TX
INSERT INTO NormalizedPlaces (name, lat, lng) VALUES ("", , ); --San Felipe de Austin,TX
INSERT INTO NormalizedPlaces (name, lat, lng) VALUES ("", , ); --San Felipe de Austin
INSERT INTO NormalizedPlaces (name, lat, lng) VALUES ("", , ); --San Felipe de Austin, YX
INSERT INTO NormalizedPlaces (name, lat, lng) VALUES ("", , ); --San Felipe, Texas
INSERT INTO NormalizedPlaces (name, lat, lng) VALUES ("", , ); --Sangamo Clear Lake
INSERT INTO NormalizedPlaces (name, lat, lng) VALUES ("", , ); --San Jacinto Bay, Texas
INSERT INTO NormalizedPlaces (name, lat, lng) VALUES ("", , ); --San Jacinto, Texas
INSERT INTO NormalizedPlaces (name, lat, lng) VALUES ("", , ); --San Jacinto, TX
INSERT INTO NormalizedPlaces (name, lat, lng) VALUES ("", , ); --Santa Rosa, Mexico
INSERT INTO NormalizedPlaces (name, lat, lng) VALUES ("", , ); --Santa Rosa,
INSERT INTO NormalizedPlaces (name, lat, lng) VALUES ("", , ); --Schenectady, New York
INSERT INTO NormalizedPlaces (name, lat, lng) VALUES ("", , ); --Schenedtady, New York
INSERT INTO NormalizedPlaces (name, lat, lng) VALUES ("", , ); --Scotia, Pope County, Arkansas Territory
INSERT INTO NormalizedPlaces (name, lat, lng) VALUES ("", , ); --Seneca Falls, New York
INSERT INTO NormalizedPlaces (name, lat, lng) VALUES ("", , ); --Sicily Island, Louisiana
INSERT INTO NormalizedPlaces (name, lat, lng) VALUES ("", , ); --St Albans, Vermont
INSERT INTO NormalizedPlaces (name, lat, lng) VALUES ("", , ); --St. Antonio de Bexar, TX
INSERT INTO NormalizedPlaces (name, lat, lng) VALUES ("", , ); --St. Antonio, TX
INSERT INTO NormalizedPlaces (name, lat, lng) VALUES ("", , ); --Station at Labaca, Texas
INSERT INTO NormalizedPlaces (name, lat, lng) VALUES ("", , ); --St. Charles, MO
INSERT INTO NormalizedPlaces (name, lat, lng) VALUES ("", , ); --St Felipe, TX
INSERT INTO NormalizedPlaces (name, lat, lng) VALUES ("", , ); --St. Francisville
INSERT INTO NormalizedPlaces (name, lat, lng) VALUES ("", , ); --St Geneieve, MO
INSERT INTO NormalizedPlaces (name, lat, lng) VALUES ("", , ); --St Genevieve, Missouri
INSERT INTO NormalizedPlaces (name, lat, lng) VALUES ("", , ); --St Genevieve, MO
INSERT INTO NormalizedPlaces (name, lat, lng) VALUES ("", , ); --St. Genevieve, MO
INSERT INTO NormalizedPlaces (name, lat, lng) VALUES ("", , ); --St Genvieve, MO
INSERT INTO NormalizedPlaces (name, lat, lng) VALUES ("", , ); --St. Louis, Missouri
INSERT INTO NormalizedPlaces (name, lat, lng) VALUES ("", , ); --St Louis, MO
INSERT INTO NormalizedPlaces (name, lat, lng) VALUES ("", , ); --St. Louis, MO
INSERT INTO NormalizedPlaces (name, lat, lng) VALUES ("", , ); --Tenotitlan, Texas
INSERT INTO NormalizedPlaces (name, lat, lng) VALUES ("", , ); --Tenoxtitlan, Texas
INSERT INTO NormalizedPlaces (name, lat, lng) VALUES ("", , ); --Trinity Atoscosito, Texas
INSERT INTO NormalizedPlaces (name, lat, lng) VALUES ("", , ); --Trinity River, Texas
INSERT INTO NormalizedPlaces (name, lat, lng) VALUES ("", , ); --Trinity, Taskasito,
INSERT INTO NormalizedPlaces (name, lat, lng) VALUES ("", , ); --Tuscumbia, Franklin County, North Alabama
INSERT INTO NormalizedPlaces (name, lat, lng) VALUES ("", , ); --Two miles from Bexar, Texas
INSERT INTO NormalizedPlaces (name, lat, lng) VALUES ("", , ); --Waco Village, TX
INSERT INTO NormalizedPlaces (name, lat, lng) VALUES ("", , ); --Washington City, MO
INSERT INTO NormalizedPlaces (name, lat, lng) VALUES ("", , ); --Washington City, U.S.
INSERT INTO NormalizedPlaces (name, lat, lng) VALUES ("", , ); --Washington County, MO
INSERT INTO NormalizedPlaces (name, lat, lng) VALUES ("", , ); --Washington County,Texas
INSERT INTO NormalizedPlaces (name, lat, lng) VALUES ("", , ); --Washington, Hempstead County, Arkansas Territory
INSERT INTO NormalizedPlaces (name, lat, lng) VALUES ("", , ); --Washington, U.S.
INSERT INTO NormalizedPlaces (name, lat, lng) VALUES ("", , ); --Wayne County, Mo
INSERT INTO NormalizedPlaces (name, lat, lng) VALUES ("", , ); --West Bank of the Guadalupe, Texas
INSERT INTO NormalizedPlaces (name, lat, lng) VALUES ("", , ); --Wigginsville, Clarke Co, Alabama
INSERT INTO NormalizedPlaces (name, lat, lng) VALUES ("", , ); --Wilkenson County, Miss
INSERT INTO NormalizedPlaces (name, lat, lng) VALUES ("", , ); --Winchester,
INSERT INTO NormalizedPlaces (name, lat, lng) VALUES ("", , ); --Woodville, Miss
INSERT INTO NormalizedPlaces (name, lat, lng) VALUES ("", , ); --Woodville, Wilkerson County, Mississippi
INSERT INTO NormalizedPlaces (name, lat, lng) VALUES ("", , ); --Woodville,
INSERT INTO NormalizedPlaces (name, lat, lng) VALUES ("", , ); --Wythe County, VA
INSERT INTO NormalizedPlaces (name, lat, lng) VALUES ("", , ); --Zainsville, OH
